{"cameraMode":{"drawMode":0,"name":"Shaded","section":"Shading Mode"},"sceneLighting":false,"audioPlay":false,"sceneViewState":{"showFog":true,"showMaterialUpdate":false,"showSkybox":true,"showFlares":true,"showImageEffects":true,"showParticleSystems":true},"in2DMode":false,"pivot":{"x":-0.35998010635375979,"y":-2.392233371734619,"z":-5.124485492706299},"rotation":{"x":0.06387893110513687,"y":-0.9354546666145325,"z":0.2634323239326477,"w":0.22683772444725038},"size":12.328106880187989,"orthographic":false}